id,job_title,company_name,salary_range,location,openings,requirements,search_keyword,data_year,created_at
1,Android安卓开发工程师,纬创软件（武汉）有限公司,1.1-1.8万/月,武汉-汉阳区,1,"[', '1.能够承担androidapp的开发工作；', '2.对已有代码进行维护，保证其容错性、及时修正已知错误；', '3.对开发的app进行自测试并提供自测报告，保证其稳定性；', '4.负责App的需求评估和研发工作；', '5.负责行业***预研工作。', '岗位要求:', '1.专科及以上学历，3年及以上Android工作经验；', '2.熟练掌握编程基础；', '3.了解网络通讯、熟练调试API接口；', '4.具备H5移动开发能力，有较强的的目标意识。', '薪资福利：', '1.入职即享受六险一金；', '2.带薪年假，每年5月和10月，2次调薪机会；', '3.不定期组织集体活动团建；', '4.年终奖，节日福利礼品；', '5.完善的内部培训体系，技术氛围浓厚。', '职能类别：', 'Android开发工程师', '关键字：', 'android', '安卓', '安卓开发', 'android开发', '开发]3-4年经验, 大专",计算机软件,2022,"2025-05-01 15:37:15"
2,硬件测试工程师,武汉虹信技术服务有限责任公司,0.9-1.5万/月,武汉-江夏区,1,"[', '1、 负责硬件调试、试产和量产跟进，以及中间所有环节的硬件问题解决。', '2、 负责完成各类硬件产品的功能测试、性能分析。', '3、 现场施工指导和硬件故障排查。', '4、 产品结构设计分析和可靠性测试。', '任职资格：', '1、 本科***及以上学历，以通信、电子、自动化等理工科专业为主。', '2、 3年以上硬件开发或测试工作经验。', '3、 熟悉各电子元器件及常见芯片功能，懂电路原理及各种常见硬件接口功能。', '4、 动手能力强，能熟练使用各种硬件安装、接线工具和各类常见测试仪器、仪表。', '5、 有硬件可靠性测试经验者优先。', '6、 熟悉各类第三方硬件认证测试、验收流程者优先。', '职能类别：', '硬件工程师]2年经验, 本科",通信/电信/网络设备,2022,"2025-05-01 15:37:15"
3,高级C++开发工程师(J13251),朗新科技集团股份有限公司,1.5-2万/月,武汉-洪山区,1,"[', '工作职责:', '1、根据业务需求实现产品音视频模块的设计和开发，并解决视频编解码在应用中遇到的算法问题。（视频编解码方向）', '2、负责C++客户端和服务端软件程序的开发与维护，根据产品需求完成模块设计、测试工作、上线工作。（通信协议方向）', '任职资格:', '1、计算机、软件工程、电子、通信等相关专业，统招本科，2年以上相关工作经验，能够熟练使用C、C++进行编程；', '2、了解常见编码，有视频编解码经验，如h264、h265、MPEG4、aac、mp3等主流音视频的软硬编解码，熟悉视频开源项目，如 ffmpeg、webrtc等开源库有相关的使用经验；', '3、熟悉相关的通讯和网络传输协议，并能做相关编程开发，熟练掌握网络编程、多线程编程，具有一定的RTP/RTCP、RTSP或其他流传输协议知识经验，熟悉gb28181协议优先；', '（编解码方向或通信协议方向，擅长其中一个方向即可）', '职能类别：', 'C/C++开发工程师]3-4年经验, 本科",计算机软件,2022,"2025-05-01 15:37:15"
4,Java工程师（武汉）10000-18000/月薪,武汉天喻教育科技有限公司,1-1.8万/月,武汉-江夏区,1,"[', '岗位职责：', '1、从事公司相关Java软件研发主要模块及应用研发工作；', '2、进行软件详细设计，代码编写，单元测试，集成测试等；', '3、进行软件代码的维护和改进工作；', '4、完成部门领导安排的其它研发相关工作。', '任职要求：', '1、统招本科以上学历，计算机、通讯或相关专业；', '2、具有实际3-5年以上java开发经验；', '3、深刻理解面向对象编程，熟悉常用设计模式，有阅读源代码经历的优先；', '4、熟练使用springboot，springcloud\xa0等常用开源框架；', '5、熟练使用mysql，mongo，redis，ES等数据库及缓存技术，有一定的sql优化经验优先；', '6、有过较大并发用户系统开发经验优先。', '职能类别：', '高级软件工程师', '关键字：', 'java', '软件开发', '软件工程师', '开发', 'java开发', '开发工程师]3-4年经验, 本科",计算机软件,2022,"2025-05-01 15:37:15"
5,产品研发负责人,中国联合网络通信有限公司湖北省分公司,50-100万/年,武汉,1,"[', '岗位职责：', '1.勇于创新突破、推进创新成果转化应用，围绕招聘方向领域打造行业领先优势，形成区域“专精特性”基础研发能力。', '2.带领团队在关键领域取得应用原创性成果，实现技术和产品的自主可控。', '3.规划公司的产品发展路线与新产品开发，实现公司的产品创新目标，按时推进产品发展战略规划的执行情况。', '4.负责产品技术管理工作，带领团队完成公司制定的产品研发目标，确保产品在行业内具备较高的技术竞争优势。', '5.参与公司的整体发展战略规划，负责领域内的技术发展规划、为公司业务发展提供全面的技术保障。', '任职资格要求：', '1.学历要求：硕士研究生及以上；', '2.专业要求：通信、计算机、软件工程、电子工程、信息工程、工业自动化等相关专业优先；', '3.年龄要求：45周岁及以下，1977年1月1日以后出生；', '4.工作经验：8年及以上相关工作经验。\xa0', '招聘条件:\xa0 \xa0 \xa0 \xa0 \xa0 \xa0 \xa0 \xa0 \xa0 \xa0 \xa0 \xa0 \xa0 \xa0 \xa0 \xa0 \xa0 \xa0 \xa0 \xa0 \xa0 \xa0 \xa0 \xa0 \xa0 \xa0 \xa0 \xa0 \xa0 \xa0 \xa0 \xa0 \xa0 \xa0 \xa0 \xa0 \xa0 \xa0 \xa0 \xa0', '1.在领域内具备丰富的应用研发与实践能力，成功牵头组织和承担过大型平台级产品的规划设计与实施任务。', '2.精通大数据、人工智能等新技术，新领域相关知识，并具备主导将相关技术在行业场景应用落地的项目经验。', '3.对数据驱动制造过程有深刻理解；对人工智能算法有深刻理解。', '4.具有较为丰富的创新资源整合能力、市场开拓能力，能够带动技术创新。', '5.具有较强的研发管理能力，能够快速组建研发团队，开展产品规划、设计、开发和交付，并具备带领30人以上技术研发团队的管理经验。', '6.有较强的大局观念，能从公司层面整体策划考虑企业新产品研发规划。', '职能类别：', '产品经理/主管]8-9年经验, 硕士",通信/电信/网络设备,2022,"2025-05-01 15:37:15"
6,小程序开发实习生,武汉瑞鑫智联科技有限公司,3-4.5千/月,武汉-江夏区,1,"[', '职位关键词：', 'Java，MySQL数据库，JSP，Web前端。', '技能要求：', 'web前端和 java，数据库', '岗位要求：', '1、18-30周岁，大专及以上学历，专业不限；', '2、工作积极主动，能吃苦耐劳，有团队合作精神；', '3、有创新精神，喜欢尝试新鲜事物；', '4、具有明确的人生目标，敢于挑战高薪；', '福利待遇：', '1、五险一金：按照国家相关政策为员工缴纳社会保险，包括养老保险，医疗保险，失业保险，工伤保险，生育保险，以及公积金；', '2、节日福利：春节，端午节，中秋节等节日期间发放节日津贴或实物；', '3、定期体检：公司每年至少安排一次员工体检；', '4、带薪年假：工作满一年，可享受国家规定的带薪年假；', '5、其他活动：公司不定期组织各种文体活动，如外出旅游，联欢会等；', '工作时间：朝九晚六（双休，法定假期带薪休息）', '职能类别：', '大客户销售', '关键字：', '开发', '软件开发', 'android', '前端', 'app', '通信', '计算机]无需经验, 大专",计算机软件,2022,"2025-05-01 15:37:15"
7,超迅服务器渠道销售,武汉超迅科技有限公司,6-9千/月,武汉,1,"[', '1、销售人员职位，对公司已成交老客户，做好维系工作；', '2、针对湖北和华中区域经销商渠道市场，做好服务器产品新客户开发工作；', '3、扩大公司代理的超微、英伟达产品和超迅服务器产品市场占有率，完成销售目标；', '4、省内出差每天补助220元，省外350。', '任职资格：', '1、大专以上学历;', '2、对计算机硬件产品比较了解;', '3、半年以上专业销售工作经历;', '4、能吃苦、悟性高、热爱体育运动;', '5、计算机专业的应届毕业生，愿意做销售，也欢迎加入公司，我们可以培养；', '待遇：5000以上底薪\xa0+\xa0超出毛利润部分25%提成\xa0+\xa0通讯车补\xa0+表现优异奖金+\xa0双休 + 社保。', '\xa0\xa0\xa0\xa0\xa0\xa0\xa0\xa0\xa0\xa0试用期无责任底薪3500，做了业绩就有提成。', '职能类别：', '渠道/分销专员', '渠道/分销主管', '关键字：', '服务器', '渠道', '双休', '计算机硬件]1年经验, 大专",计算机硬件,2022,"2025-05-01 15:37:15"
8,"Software Development Engineer",深圳市汇顶科技股份有限公司,1.8-3万/月,成都,1,"[', '工作职责:', '1. 负责私有云平台的架构设计与优化，私有云与混合云产品的总体架构与产品设计；', '2. 负责持续优化、改进系统的设计和编码实现，提升系统的整体性能与稳定性；', '3. 负责平台建设，保证平台可维护，可审计，保障平台安全运行。', '任职资格:', '1. 计算机软件或相关专业，本科或以上学历；', '2. 5年以上Java J2EE项目开发经验；', '3. 有大规模运维系统设计经验，有微服务设计的经验，有高并发和高性能服务设计和开发的经验；', '4. 熟练掌握Spring或Vert.x生态系统，熟悉阿里云或AWS云服务；', '5. 熟练使用Idea/maven/svn(git)等软件开发工具；', '6. 熟练掌握 Java/python/C++ 语言；', '7. 熟练掌握Git工作流；熟悉CI/CD者优先；', '8. 熟悉Docker，Elasticsearch，PostgreSQL/MySQL者优先；', '9. 英语四级以上，具备良好的英文阅读、书写、口语能力；', '10. 沟通表达能力和执行能力强，能够协同多个团队共同完成目标；', '职能类别：', 'Java开发工程师', '关键字：', 'Java', 'J2EE', '软件开发]5-7年经验, 本科",电子技术/半导体/集成电路,2022,"2025-05-01 15:37:15"
9,销售代表（无责底薪4K+高提成）,武汉华大中正科技有限责任公司,1-1.5万/月,武汉-洪山区,1,"[', '岗位职责', '1、负责公司产品的销售与推广业务，负责销售区域内销售活动的策划和执行', '2、根据经理下达的营销计划，开发客户资源，寻找潜在客户，完成销售目标；', '3、开拓新市场，开发新客户，增加产品销售范围；', '4、管理维护客户关系以及客户间的长期战略合作计划；', '5、搜集客户信息，对信息进行甄别、整理，提取有效项目信息；', '任职资格', '1、具备1年以上销售经验，沟通能力强，有很好的团队协作能力；', '2、具备吃苦耐劳的精神，善于学习，积极主动；', '3、扎实的计算机及网络知识，对市场营销工作有一定的理解；', '4、有过计算机网络网络设备销售经验者、有行业基础者优先考虑', '福利待遇', '底薪+提成+五险+年终奖+团队国外旅游+节假日福利', '欢迎有志之士加入！', '欢迎有志之士加入！', '职能类别：', '渠道/分销专员', '销售代表', '关键字：', '销售代表', '渠道销售', '客户代表]1年经验, 大专",通信/电信/网络设备,2022,"2025-05-01 15:37:15"
10,C++开发工程师,武汉风河信息科技有限公司,1-1.3万/月,武汉-洪山区,1,"[', '岗位职责：', '1、负责项目中模块的开发工作；', '2、与项目组成员配合进行联合调试；', '3、完成相关技术文档的编写。', '职位要求：', '1.熟悉C/C++，熟练使用至少一个版本的Visual\xa0Studio；', '2.三年以上VC、WIN32、MFC\xa0图形方面的工作经验 ；', '3.良好的编程技巧和编程习惯；\xa0 \xa0', '4.有独立解决问题的能力；具备良好的学习能力和沟通能力，有团队合作精神；\xa0\xa0', '5.熟悉python脚本语言优先\xa0 \xa0；', '6.使用过opencv相关视觉库优先 ；', '7.有铁路相关工作经验优先。', '职能类别：', '软件工程师]3-4年经验, 本科",计算机软件,2022,"2025-05-01 15:37:15"
11,C++开发工程师,武汉文网亿联科技有限公司,1.5-2.5万/月,武汉,1,"[', '1.本科及以上学历，计算机相关专业', '2.\xa0 3年以上相关工作经验，精通Linux\xa0C/C++开发，熟悉多线程，tcp/udp网络编程，熟悉rpc协议编程，熟悉常用设计模式；', '3.熟悉网络技术架构，具备高并发、流量控制、网络优化方面的丰富经验，精通流媒体网络传输协议优先；', '4.有高并发系统研发经验，熟练使用常用的性能优化方法和工具, 有大规模分布式系统应用架构设计经验优先;', '5.具备独立完成工作的能力，良好的理解和分析业务需求能力，良好的沟通和团队协作能力，以及较强的学习能力精通网络编程；', '职能类别：', 'C/C++开发工程师', '关键字：', 'C++', '分布式存储]3-4年经验, 本科",计算机软件,2022,"2025-05-01 15:37:15"
12,销售工程师,武汉科天科技有限公司,1-1.5万/月,武汉-洪山区,1,"[', '1、理工科专业，男女不限', '2.有开拓市场的思维和维系老客户的能力。', '3.思路灵活、踏实上进，具备分析问题和解决问题的能力', '4.可接受条件优秀应届生。', '\xa0薪资待遇：', '1.月底薪3000-8000元；业务提成年薪20-30万（中等业绩）左右', '2.实习期1-3个月，转正后为基本工资+提成（3-8%）+绩效工资+奖金+补贴。', '3.工作时间：上午8:30-12:00，下午1:30-5:30，周末双休，国家法定节假日带薪休息，享带薪年假', '3、每年一次及以上加薪', '地址：洪山区佳园路光谷国际大厦b座（华科大韵苑门对面）1101 1120室', '联系人：陈先生\xa0 \xa087480280 87480282\xa0 \xa0 13995680009', '职能类别：', '销售工程师', '销售代表', '关键字：', '技术型', '销售代表', '销售员', '业务员', '销售工程师', '销售', '客户代表]1年经验, 大专",仪器仪表/工业自动化,2022,"2025-05-01 15:37:15"
13,华为网络产品分销经理（武汉）,武汉宽路信息科技有限公司,0.8-1万/月,武汉-武昌区,1,"[', '一、职位描述：', '1、负责华为、H3C企业网产品线（交换机，路由器，防火墙等）的湖北省内渠道市场；，', '2、能执行公司销售策略、销售计划、量化目标；', '3、负责所属区域的产品宣传、推广和销售，集成项目跟踪、指导经销商顺利成交', '4、执行公司制定的业务商务策略，并反馈执行情况。', '二、岗位特点：', '1、工作时间：周一到周五工作，每天工作8小时，', '2、公司组织安排华为原厂培训（公司报销培训费用及考试费）；', '3、销售人员客户先期由公司分配提供，后期由销售自己开发。', '4、公司提供准客户名单及联系方式，配备专职网络商务辅助销售', '三、岗位要求：', '1、专科及以上学历，3年以上销售经验，；', '2、具备良好沟通能力、应变能力和学习能力；', '3、具备良好的人际交往能力，组织协调能力，公关能力，有清晰的工作思路；', '4、具备独立撰写商务方案能力；', '5、具备良好的职业素质及团队精神，能适应出差需要。', '6、熟悉湖北省内武汉或各地市IT渠道分销市场，与系统集成商有项目合作经验优先。', '7、熟悉华为，H3C，深信服，锐捷等品牌网络设备优先；', '四、薪资福利待遇', '01、底薪，提成透明，上不封顶；', '02、年终奖金：按照员工年度表现，发放年终奖金', '03、公司配备5G手机，报销手机费；', '04、社会保险（五险）：为员工缴纳社会保险；', '05、住房公积金：为员工缴纳住房公积金；', '06、其它福利：公司为员工提供过节费、结婚、生育礼金等多项福利；', '07、带薪年假：公司为员工提供5天带薪年假；', '08、员工活动：公司定期或不定期组织各项员工活动；', '09、培训机会：定期组织华为原厂培训，公司承担培训费及考试费，提升员工的专业知识水平；', '10、工作氛围：拥有年轻优秀的领导与同事，让你在轻松、活跃的团队氛围中共同学习、公平竞争', '职能类别：', '渠道/分销专员', '渠道/分销经理', '关键字：', '销售', '分销', '网络产品', '交换机', '华为', 'H3C', '深信服', '锐捷', '销售经理]3-4年经验",计算机服务(系统、数据服务、维修),2022,"2025-05-01 15:37:15"
14,驻场运维工程师（黄冈）,武汉市天鸿在线科技有限责任公司,5-6千/月,武汉-武昌区,1,"[', '岗位职责', '1、时间响应：当驻场单位出现安全风险问题时，***时间隔离受到网络安全风险的服务器或终端，减小事件的影响，保证业务运行以及数据信息的安全性，同时立即向驻场单位上报当前情况并协调高级工程师现场支持；', '2、安全设备系统升级：针对网络结构内网的安全软硬设备的补丁库、特征库、病毒库、版本进行手动升级，确保安全设备、系统的有效性。并建立系统升级流程，规范系统升级工作。同时针对需求，对办公计算机操作系统补丁通过软件系统进行定期升级；', '3、安全策略管理：针对网络结构内的安全软硬件设备策略配置进行定期完善，确保有效性以及策略的针对性。并建立策略变更流程，规范策略管理工作；', '4、安全设备监控：针对网络结构内的防火墙、安全审计、IPS等安全软硬件设备的攻击事件日志，进行实时监控，***时间发现网络内的攻击事件，并对简单的事件进行处理；如遇复杂事件，则发起调用应急响应服务等二线资源；', '5、其他职责：', '（1）依托驻场单位所有的安全设备，通过驻场单位上下各机构反馈，负责根据以上来源的威胁线索，核实威胁，追溯来源，评估影响范围，最终提供安全处置建议，整理安全整改报告等；', '（2）协助驻场单位内部单位建立规范的安全运维事件处理流程，提高事件处置的效果和效率；', '（3）针对驻场单位的建设状况和未来规划，协助单位内部编写相关安全建设文档；', '（4）针对安全巡检及应急事件响应过程中发现的漏洞进行修复。', '任职资格', '1.', '专科及以上学历，计算机或网络工程相关专业毕业。', '2.', '熟悉', 'Windows', '、', 'Linux', '等主流桌面操作系统。', '\xa0\xa0\xa0\xa0', '有大型办公网络桌面运维相关经验。能够快速应答用户故障反馈并能够快速排除故障。', '4.', '熟悉主流办公软件及专业软件的维护。', '5.', '具有较强的网络安全防范意识。', '6.', '吃苦耐劳，有较好的表达能力与理解能力，乐于为他人解决问题，有较好的团队合作意识。', '职能类别：', '运维工程师', '关键字：', '信息安全', '网络安全', '运维', '售后', '维护', '工程师', '技术支持]2年经验, 大专",计算机软件,2022,"2025-05-01 15:37:15"
15,市场拓展专员,湖北彩豹科技有限公司,5-8千/月,武汉,1,"[', '岗位职责：', '1、负责开展线下渠道拓展和运营的分析，并提出优化运营建议；', '2、负责省份的小微零售、便利连锁及商业综合体等新型渠道的拓展及运营工作；', '3、负责省份的新型渠道市场动态、消费者购买行为的信息收集与整理，对于新型渠道拓展提供可行性建议，协助完成新渠道拓展业务、技术流程优化；', '4、 协助部门完成总局彩票中心与各省级彩票中心之间新渠道侧的信息传递和意见反馈；', '5、制定实体渠道店面展示基础要素，规范实体渠道形象建设，持续提升实体渠道硬件水平和店面形象', '6、进行实体店经营模式研究，发现问题并进行分析解决，形成实体店经营指导意见，帮助实体店提升经营能力。', '7、相关部门及实体店对接，做好各彩票产品及营销活动在实体店内落地工作。', '任职要求：', '1、专科及以上学历，能接受出差；', '2、有快消品、耐消品行业渠道渠道建设、运营或管理经验，有区域门店管理的经验者优先；', '3、具备创新思维，出色的沟通能力和表达能力，逻辑思维强，对项目运营过程有较强的把控能力，发现问题、分析问题、解决问题的能力；', '4、具备良好的语言表达能力。', '职能类别：', '市场/营销/拓展专员', '关键字：', '拓展专员', '市场开发', '销售]无需经验",通信/电信运营、增值服务,2022,"2025-05-01 15:37:15"
16,技术工程师,湖北省信产通信服务有限公司数字科技分公司,0.8-1.2万/月,武汉-江汉区,1,"[', '1、 组织完成所负责的产品线或行业所有售前资料及培训工作；', '2、 对负责的商机签约负主要责任；', '3、 合理统筹行业商机的跟进、突破与签约工作，以实现业绩目标；', '4、 负责商机整体推进计划、阶段目标计划、客户内部关键人的梳理与突破计划的制定和汇报，并确保计划达成；', '5、 开展客户需求收集、需求分析，制定项目的技术方案和准备标书等工作；', '6、 负责合理调配公司资源，保障公司利益不受损害；', '7、 完成上级领导及部门领导交办的其他任务。', '任职资格：', '1.\xa0 具备优秀的组织协调、沟通理解及解决问题能力；', '2.\xa0 具备出色的分析、归纳、总结、汇报的能力；', '3.\xa0 擅长各类文档的设计及编写；', '4.\xa0 对所负责的产品线或行业有深度的认识，并具备方案设计、产品演示、培训演讲及基本技术交流的能力', '5.\xa0 熟练使用办公软件（WORD/EXCEL/PPT/VISIO/Project）', '6.\xa0 3年以上软件行业售前工作经验', '7.\xa0 本科及以上；专业要求：信息管理、信息工程、软件工程或计算机相关专业，条件优秀者可适当放宽要求', '具备前端技术背景者优先', '职能类别：', '售前/售后技术支持工程师]3-4年经验, 本科",计算机软件,2022,"2025-05-01 15:37:15"
17,Java开发工程师,武汉米腾科技有限公司,1-1.2万/月,武汉-东湖新技术产业开发区,1,"[', '任职要求：', '1、统招大专及以上学历，毕业满3年，计算机相关专业优先，具有3年及以上真实Java开发经验，；', '2、熟悉MVC分层设计理念；', '3、了解常用的设计模式；', '4、熟悉主流的Java框架中的几种: SpingBoot、Mybatis、Hibernate；', '5、熟悉Redis等缓存；', '6、熟悉数据库设计，并能根据数据库设计进行开发工作，精通sql优化；', '7、熟练使用SVN，GIT, Maven等项目管理和构建工具；', '8、熟悉数据结构；', '9、java基础扎实，擅长技术攻关；', '10、熟悉java stream api优先；', '11、有项目需求分析经验的优先。', '岗位职责：', '1、负责软件的设计与开发、单元测试、BUG解决等工作，按计划完成任务；', '2、负责查找、分析JAVA系统所发生的问题及快速解决问题；', '3、负责JAVA系统开发程序的性能优化；', '公司团队均为90后，年轻有活力，', '上班时间朝九晚六周末双休法定节假日同步，', '加班出差都有餐费和交通补贴，加班有加班费，', '欢迎你的加入！', '职能类别：', 'Java开发工程师', '关键字：', 'java', '开发', '软件', '工程师', '软件工程师', 'java开发', '计算机软件]2年经验, 大专",计算机软件,2022,"2025-05-01 15:37:15"
18,C++开发工程师,武汉华信云创技术服务有限公司,1.5-3万/月,武汉-江夏区,1,"[', '1、负责内核的开发和维护工作，保障系统性能和稳定性;', '2、基于Linux/LiteOS落地外设驱动开发，保证外设的***性能', '3、对OpenHarmony发行版的底层软件负责，保障软件的架构质量，以及可生产性，可维护性;', '4\xa0负责针对发行版公司的技术支持以及课程输出。', '岗位要求', '1、熟练掌握C/C++，Linux/LiteOS内核和Device模型，具备一个及以上大型实际软件项目经验，独立承担过关键子模块的开发工作;', '2、具备良好的沟通协调能力和团队合作精神、良好的学习、动手以及解决问题的能力。', '职能类别：', 'C/C++开发工程师', '关键字：', 'C++', '软件工程师', '嵌入式', 'linux]1年经验, 本科",计算机软件,2022,"2025-05-01 15:37:15"
19,高薪php，带薪年假，福利多多,武汉安培教育科技有限公司,0.8-1万/月,武汉-武昌区,1,"[', '岗位职责：', '1、开发平台PC站、微信小程序以及APP接口。', '2、负责公司平台易用性改进、界面技术优化和性能优化。', '3、负责公司平台运营维护工作，网站的的维护、调优和故障处理，完成维护保障工作。', '4、负责公司日常网络维护、办公电脑软硬件维护等工作。', '任职要求：', '1、计算机相关专业，大专以上学历。', '2、了解网站的设计、规划和制作流程、能够利用独立开发网站，善于沟通。', '3、熟练使用php，mysql，js，jquery等相关技术。', '4、有PHP开发经验，精通掌握thinkphp框架，熟悉主流数据库，如mysq、SQL\xa0Server等数据库。', '5、有良好的代码编程习惯及较强的文档编写能力;能及时应对突发事件。', '6、具备专业的IT软硬件知识：服务器、计算机设备、操作系统、数据库等。', '7.\xa0具有团队精神协作能力、学习能力和吃苦耐劳的精神。', '8、精通服务器、路由器、交换机、无线网络设备等网络产品的部署、维护优先。', '职能类别：', 'PHP开发工程师', '关键字：', 'php', 'PHP开发', '软件开发', '开发]1年经验, 大专",教育/培训/院校,2022,"2025-05-01 15:37:15"
20,软件设计实习生+住宿（双休）.,武汉酷韵软件开发有限公司,6-8千/月,武汉-洪山区,1,"[', '要求：', '1、对游戏动漫，动画制作，平面设计\xa0，软件设计，视频剪辑互联网IT行业感兴趣。', '2、接收无经验或经验薄弱求职者，但需要热爱互联网行业，想在互联网行业长期发展；', '3、工作积极、主动，有团队合作精神；根据项目目标，完成相应任务；', '4、逻辑思维能力强，愿意在IT行业长期发展。', '对于基础薄弱求职者，会有技术指导，项目经理指导参与项目制作。', '工作时间：', '1、早9:00-下午6：00，中午休息2小时；', '2、周末双休', '3、法定节假日，正常休息，带薪年假；', '待遇：', '1、福利齐全；双休；五险一金；', '2、完整的培养体系和晋升机制；给予完善的绩效考核、年终奖金及定期调薪；', '3、丰富的集体活动（定期的拓展、旅游以及年会）', '职能类别：', '工程/机械绘图员', '关键字：', '互联网计算机', '平面设计', '美工电商', '机械', '环境艺术设计', '机电', '室内设计', '园林景观设计]无需经验",计算机软件,2022,"2025-05-01 15:37:15"
21,后台开发工程师（数据方向）(J28995),海信电子信息集团研发中心,1.8-2.5万/月,武汉-江夏区,1,"[', '工作职责:', '1.负责搭建基于Hadoop/HBASE/SPARK的大数据平台。', '2.负责管理Hadoop/SPARK集群运行，稳定提供平台服务。', '3.负责解决Hadoop/SPARK开发中技术难点。', '4.负责大数据平台开发与运维，根据公司的业务需求世界实时计算应用。', '5.为公司现有产品做持续地迭代优化。', '任职资格:', '1.学历：硕士及以上学历。', '2.专业：计算机、软件工程等相关专业。', '3.工作经验：具有3年以上Hadoop及大数据生态圈实践经验。', '4.知识要求', '1)深入了解分布式系统、大数据平台等高可用高弹性架构；', '2)有数据平台项目经验，了解数据类系统相关理论知识；', '3)熟悉Linux系统，具备shell、python等脚本开发能力；', '4)具有3年java开发经验，具备扎实的程序设计基本功和学习能力；', '5)精通storm、sparkstreaming或flink计算框架，能够进行流计算应用开发，熟悉实时数据分析上下游生态系统或周边相关技术, 包括但不限于Kafka、hadoop、storm、sparkstreaming和flink等相关技术；', '6)有两年以上的实际Storm、spark、flink集群维', '职能类别：', 'Java开发工程师]5-7年经验, 硕士",计算机软件,2022,"2025-05-01 15:37:15"
22,软件开发工程师(机器视觉方向）,武汉横纵智能科技有限公司,0.8-1.5万/月,武汉-东西湖区,1,"[', '1、', '公司主要从事工业视觉定位控制系统的研发、销售和服务 ，同时为行业客户提供客制化的解决方案。 经过这些年的实践和努力， 我们在机器视觉应用领域上积累了丰富的经验，拥有了许多成功案例和成熟方案 ， 建立了科学规范的管理体系，形成了一支在同行业专业领域里有着较高知名度和竞争实力的团队。', '【工作地点】：湖北武汉', '【岗位职责】：', '\xa01.图像处理，运动控制，算法，windows下多线程多进程开发；', '2.根据项目计划，在保质保量的前提下，按时完成开发任务；', '3.负责相关产品的功能模块设计，负责相关产品的功能模块设计；', '4.解决产品开发中发现的问题；', '5.负责产品文档的撰写；', '6.负责编写产品的核心代码；', '【任职要求】：', '1本科及以上学历、计算机专业优先；', '2.具有良好的团队合作意识以及良好的适应能力；', '3.具有良好的逻辑思维能力、沟通能力；', '4.有很强的学习能力，吃苦耐劳，责任心强；', '5.善于发现问题所在，可以及时解决问题；', '6有较为丰富应用MFC、QT开发经验的优先', '7.能独立进行图形图像处理的、运动控制的优先', '【我们提供给你】\xa0薪资待遇月，每年至少一次调薪机会，年终奖\xa0性能强大的机器设备、业界前沿资料和书籍\xa0其它福利：五险一金、团建活动、节日礼品等\xa0', '【岗位亮点】 作为软件开发工程师 你将进入尖端的智能制造行业，接触最前沿的人工智能技术与知识 你将在开发团队中积累软件开发知识提高自身能力，同时有广阔的空间充分发挥聪明才智 你将从事复杂的软件设计工作，并使用尖端技术不断提高机器视觉性能，使它在市场上保持高度竞争力 .', '上班时间：9:00-11:30\xa0 13:30-18:00', '月休：6天，大小休', '职能类别：', '软件工程师', '关键字：', '软件工程师', 'C++', '图像处理', '运动控制', 'halcon]2年经验, 本科",计算机软件,2022,"2025-05-01 15:37:15"
23,通信工程师,武汉洲际电讯科技股份有限公司,3-5千/月,武汉,1,"[', '岗位职责：', '1.完成上级分配的维护、巡检、放电、机房或机楼值班等现场服务工作', '2.为客户提供电话技术支持，有责任就具体问题向客户作出技术应答', '3.填写现场服务工作的报告并将工作结果与客户进行确认', '4.负责公司与客户之间的设备收发工作', '5.进行故障汇总、比较与分析，并提交报告', '6.负责对个人使用的维护工具、仪器、设施的操作安全、妥善保管与定期保养', '7.有责任向本组成员或指定员工提供技术帮助', '8.负责配合完成交办的投标、结算等工作，与客户进行联系与沟通', '任职要求：', '1', '、大专以上学历，', '相关专业', '2、1年以上相关岗位工作经验（如基站代维，动环、通风等基站设备维护，计算机维护等）', '3、较强的团队精神', '4、吃苦耐劳，能适应长期出差或驻外', '5、有特种作业电工证优先（如入职时没有，在入职后一年内应持证）', '6、有c1驾照，驾龄在一年以上', '职能类别：', '通信电源工程师', '关键字：', '售后', '技术支持', '维护', '运维', '工程师', '维修', '基站维护', '技术服务', '通信技术', '现场服务]1年经验, 大专",通信/电信/网络设备,2022,"2025-05-01 15:37:15"
24,Java开发工程师,武汉星际互动智能技术有限公司,0.8-1万/月,武汉-洪山区,1,"[', '岗位职责：', '1、按照详细的设计，完成基础性的代码设计、代码编写；', '2、对自行编制完成的基础性代码进行调试及测试；', '3、修复测试发现代码缺陷，确保质量；', '4、按照详细设计流程、计划，定时完成工作；', '5、辅助进行文档资料整理、收集资料；', '6、协助高级程序员进行工作，协助算法研究员进行算法测试；', '7、主动提交工作报告及进度报告供组织掌握项目情况；', '8、公司安排的其他事宜等。', '职位要求', '：', '1. 一年以上Java或java web开发经验；', '2.熟练使用Java后台技术；', '3.熟练使用HTML5、CSS等前端技术；', '4.熟练使用SQL语言；', '5.熟悉Spring MVC、SSH等Web框架；', '6.有较强的学习能力；', '7.有良好的创新精神和团队协作经验；', '8.身体健康，品德端正，责任心强；', '9.能吃苦耐劳，工作踏实，服从公司安排。', '职能类别：', 'Java开发工程师', '关键字：', 'java]1年经验, 本科",计算机软件,2022,"2025-05-01 15:37:15"
25,渠道销售/销售代表,英莱德科技股份公司,8-10万/年,武汉-洪山区,1,"[', '岗位职责:', '1、负责武汉市及周边地市安防工程商、电脑经销商、系统集成商的拜访、跟进、维护等工作，完成区域市场覆盖，建立区域客户档案；', '2、负责区域商机挖掘、跟进，推动项目落地；', '3、参与商务谈判，签署销售合同；跟踪项目实施服务过程，完成项目回款，达成销售目标；', '4、收集行业营销信息和用户意见，对公司营销策略、售后服务等提出参考意见。', '任职资格：', '1、有2年及以上独立拓展、维护客户、商务洽谈的能力和经验；', '2、吃苦耐劳、有强烈的事业心和进取心，具备独立执行任务、解决问题的能力；', '3、接受湖北省内短期出差。', '薪资结构：', '基本工资+业绩提成+社保+年终奖+年度旅游+节假日福利+各项补贴', '上班时间：9:00--17:30', '有意向者可通过平台投递简历，或直接来电咨询，我们将以最快的速度给予回复！', '职能类别：', '渠道/分销专员', '关键字：', '销售代表', '销售工程师', '渠道销售', '系统集成', '弱电智能化', '业务员', '计算机硬件]2年经验, 大专",计算机服务(系统、数据服务、维修),2022,"2025-05-01 15:37:15"
26,C、C++软件工程师,湖北瑞丰科技发展有限公司,0.6-2万/月,武汉-洪山区,1,"[', '1、熟练掌握C和C++语言编程，对C和C++深入理解，并有1年以上编程经验；\xa0', '2、有过VxWorks、MFC、WINCE或者linux等嵌入式软件开发经验；\xa0', '3、熟悉STL，了解操作系统工作原理，懂多线程，多进程原理；\xa0', '4、熟悉Socket网络编程，熟悉TCP/IP协议；', '6、精通SQL语言，XML的使用，熟练使用Sql\xa0Server\xa02000\xa0/2005或者mysql；', '7、对企业忠诚，做事认真负责，有较好的计算机基础功底；\xa0', '职能类别：', '软件工程师', '嵌入式软件开发(Linux/单片机/PLC/DSP…)', '关键字：', 'C', 'C++', 'VC', 'QT', '软件', '研发', '工程师', '武汉', '计算机', '周末双休]3-4年经验, 本科",电子技术/半导体/集成电路,2022,"2025-05-01 15:37:15"
27,采购专员,武汉钧恒科技有限公司,5-7千/月,武汉-东湖新技术产业开发区,1,"[', '1、按照采购任务，完成供应商谈判和采购合同，完成采购流程；', '2、负责跟踪交货进程及处理交货问题；', '3、执行并完善成本降低及控制方案；', '4、开发、评审、管理、利用供应商资源，维护与其关系；', '5、完成采购分析和总结报告；', '6、完成领导安排的其他工作任务。', '任职条件：', '1、教育程度/专业：大学本科或专科。', '2、相关工作年限：三年以上采购工作经历。', '3、基本技能要求：工作细致，责任心强，诚实可靠，保密性强，学习、开拓、谈判能力、成本意识强；具备良好的口头和书面表达能力、较强的沟通协调和团队合作能力。', '职能类别：', '采购员', '关键字：', '采购', '采购员', '采购专员', '采购工程师]3-4年经验, 大专",通信/电信/网络设备,2022,"2025-05-01 15:37:15"
28,Java开发工程师(J10207),上海百胜软件股份有限公司,1-1.5万/月,武汉,1,"[', '工作职责:', '1. 参与公司新零售业务相关SaaS和移动产品的研发工作；', '2. 负责解决开发、测试、验收过程中的技术问题；', '3. 能够准确把握需求，独立进行开发和交付，提升所属模块用户体验；', '4. 维护和升级现有软件产品，快速定位并修复现有软件缺陷；', '5. 参与前沿技术研究和新技术调研。', '任职资格:', '1. 计算机及相关专业本科毕业，三年以上开发经验；', '2. 精通springboot/springcloud，spring，springMVC，mybatis等框架并有实际开发经验；', '3. 熟悉版本管理工具svn, git等，熟练分布式开发流程；', '4. 熟练掌握MySQL、SQL Server数据库，能够熟练编写sql语句；', '5. 熟悉小程序/vue 等主流的前端架构，有 hbuilder、mui，uni-app、H5+、vue 混合开发经验优先；', '6. 有服装ERP、私域运营等相关业务经验优先；', '7.熟悉Scrum敏捷团队开发模式俱佳。', '职能类别：', 'Java开发工程师]3-4年经验, 大专",计算机软件,2022,"2025-05-01 15:37:15"
29,系统架构师,湖北晋楚科技发展有限公司,1.5-2万/月,武汉-东西湖区,1,"[', '1、负责云平台、大数据管理平台与应用系统整体架构设计工作，工程化落地实现面向智慧城市领域业务应用；', '2、参与产品业务规划，确定产品总体技术路线，确保技术方向正确性先进性，以及如何从技术层面推动产品创新及技术优化的落地；', '3、主导构建高性能的微服务架构，并带领团队技术攻关，保障服务系统的稳定性和健壮性；', '4、负责核心功能的架构与代码模板编写，开发与维护系统公用核心模块；', '5、负责系统架构优化、重构，以及性能调优等；', '6、系统开发专家，对数据结构/网络编程/系统底层/并发编程等有过硬理解；', '7、结合相应行业发展趋势，保持系统架构的合理性、稳定性和技术前瞻性。', '任职要求：', '1、计算机或相关专业***本科及以上学历，5年以上Java开发经验，2年以上系统架构经验，编程基础扎实，有良好的的开发习惯；', '2、熟悉SOA体系架构，对微服务的架构设计有深刻的理解，熟悉Sping\xa0Boot/Spring\xa0Cloud/Dubbo等微服务框架和架构，了解其原理和使用其优缺点，并有实战经验；', '3、精通至少一种数据库开发及运维，如：Oracle，Mysql等；', '4、熟悉大数据架构和工作原理，Hadoop\xa0基本框架，具备基于\xa0Docker\xa0的\xa0Hive\xa0平台以及\xa0Elasticsearch、Zookeeper、ActiveMQ\xa0等核心技术的项目建设与部署实施经验；', '5、熟悉常用设计模式，有大型分布式、高并发、高负载、高可用性系统设计开发经验者优先；', '6、具备良好的需求分析能力、业务和技术方案策划和设计能力，有较强的逻辑思维能力，思路清晰，善于分析、归纳、解决问题，能够独立或带队进行项目开发；', '7、对大数据、人工智能相关技术有深刻的理解，具备大数据、人工智能、物联网及相关行业应用的工作经验优先。', '职能类别：', '系统架构设计师', '关键字：', '分布式技术', '微服务架构', '容器技术', '负载均衡技术', '数据结构', '搜索引擎技术', '网络编程', 'Java]5-7年经验, 本科",环保,2022,"2025-05-01 15:37:15"
30,园区运营专员,武汉普天孵化器管理有限公司,4-4.5千/月,武汉-东湖新技术产业开发区,1,"[', '1', '、负责科技孵化器招商，进行客户挖掘、招商谈判与签约、客户关系的维护与管理等工作；', '2', '、负责科技孵化器的市场推广和品牌打造相关事宜；', '3', '、分析和挖掘入驻科技孵化器企业需求', ', ', '参与建立产业服务标准化；', '4', '、负责当地创业路演会、培训、研讨会等活动的策划组织；', '5', '、负责与各级政府部门建立良好的关系，解析各级政府企业项目的扶持政策，保证企业入驻、招商工作正常进行；', '岗位要求：', '1', '、公共关系、工商管理、市场营销、金融等相关专业，男女不限；', '2', '、一年以上科技企业孵化器招商运营管理经验；', '3', '、熟悉孵化器相关法规及政府主管部门业务流程；', '4', '、有多样化的项目、活动的策划和执行经验，有较强的沟通、人际交流、组织协调能力；', '5', '、执行力强，能承受较大的工作压力。', '职能类别：', '运营专员', '关键字：', '运营', '市场专员]1年经验, 大专",计算机服务(系统、数据服务、维修),2022,"2025-05-01 15:37:15"
31,售前技术工程师（电力）,北京映翰通网络技术股份有限公司,0.7-1万/月,武汉-洪山区,1,"[', '工作内容：', '1、负责公司产品在相关区域内的前期市场开拓、技术交流、引导客户需求等工作；', '2、负责工作地点所在区域相关项目的进展及技术问题跟进；', '3、负责产品的现场安装指导、客户技术培训、答疑与产品技术问题处理等服务工作；', '4、内部能够与其他部门（研发、生产）进行技术沟通、协调工作；', '5、积累售后项目经验，沉淀为知识库、案例库，深度挖掘问题原因，促进产品优化；', '6、归纳总结客户问题，优化并标准化售后服务问题解决办法；', '7、技术方案、项目方案制定与编写，并帮助客户进行产品选型；', '8、进行售前、售后项目分析、设计和规划，支持销售竞标或标书技术部分编写。', '工作要求：', '1、电力系统及自动化、电气工程及其自动化、机电等相关专业本科学历；', '2、具备一定的计算机、网络通讯类基础知识；', '3、热爱技术类工作，有良好的服务意识，具有较强的沟通能力、协调能力、口头与书面表达能力；', '4、有配电网相关工作经验者优先考虑；', '5、可以接受出差。', '职能类别：', '电气工程师/技术员', '关键字：', '技术支持', '售前', '电力', '微信分享]2年经验, 本科",通信/电信/网络设备,2022,"2025-05-01 15:37:15"
32,运营主管经理,杭州顺鲸科技有限公司,6-8千/月,武汉-汉阳区,1,"[', '运营主管：', '1、按照项目的非一线配比、人员属性、排班需求，合理分配各团队人员；', '2、制度流程的执行落地：考勤制度、现场规范', '3、配合客户合理诉求、客户要求关键指标达成；', '4、排班、经管部、简单客户关系维护', '5、杜绝重大生产事件：服务禁忌、升级投诉、信息安全', '运营经理：', '1.完善呼叫中心平台，整合公司资源，保证呼叫中心的正常高效运行；', '2.负责策划、完善呼叫中心实施方案、管理制度、业务标准及流程，根据公司发展实际情况，调整和完善项目内部的管理流程和规范；', '3.管理呼叫中心客服部整体业务运营，包含呼入呼出电话，监督呼叫中心现场管理、合理调配客服、坐席资源，监控运营质量，不断提升运营能力；', '4.辅助客户开发及日常维系；组织收集、整理客户资料，搭建和维护数据库；对重要客户进行定期回访，分析客户需求，提交分析报告；', '5.负责呼叫中心市场运作及管理，跟踪业务流程、系统优化和部门间的工作协调，协助优化运营流程，不断提升业务准确度和服务效率，使得整个呼叫中心部门达到高水平的客户及经销商满意度；', '6.建立呼叫中心坐席的业务培训和绩效考核；组织开展案例学习、召开月度总结会议，不断提高员工业务技能和专业服务水平。', '7.负责项目的团队建设和管理，为项目团队提供培训和指导。通过监管日常业务，培养客服人员增强自身代表整个公司形象的整体意识。', '职能类别：', '营运主管]3-4年经验, 大专",计算机软件,2022,"2025-05-01 15:37:15"
33,采购专员,武汉维力克科技有限公司,4-8千/月,武汉-东西湖区,1,"[', '1.负责生产物料、研发物料、办公用品、设备及固定资产等采购日常工作，包括询价议价，订单下达，合同、单据、发票管理、供应商对账及采购验收等。', '2.负责跟踪交货进程及异常反馈，及时处理异常问题，确保材料按时采购到货。', '3.搜集分析供应商信息，考察评估待合作供应商资质等重要信息，合格供应商管理，含台账、评审、稽查等工作。', '4.根据备货计划以及库存量编制物料采购计划，经采购流程审批通过后实施采购。制定采购成本控制计划并实施。', '5.上级领导交办事项处理。', '任职要求：', '1.大专及以上学历，物流管理、仓储管理、采购等相关专业优先。', '2.具备3年以上相关岗位实际工作经验，熟悉采购流程，会熟练使用office办公软件。', '3.具有较强的沟通协调能力、谈判能力、成本意识，责任心强、细致认真、诚实可靠', '职能类别：', '采购员', '关键字：', '采购', '采购专员]3-4年经验, 大专",通信/电信/网络设备,2022,"2025-05-01 15:37:15"
34,销售经理,武汉费浦鑫智能科技有限公司,1-1.5万/月,武汉-江岸区,1,"[1、从事门禁系统、访客系统、人行通道系统、停车收费及一卡通系统等弱电安防相关设备的销售工作，完成公司下达的销售任务；', '2、能够利用多种渠道寻找并开发客户，并建立良好的客情关系；', '任职要求：', '1、大专（含大专）以上学历，专业不限，男女不限；', '2、良好的沟通技能和市场拓展能力；', '3、诚实、稳重、乐观、开朗，具有良好的责任心；', '4、有工作激情，热爱销售工作，敢于接受挑战，有较强的抗压能力；', '5、具备1年以上的销售工作经验，有门禁系统、人行通道系统、停车收费及一卡通系统的项目销售经验或者有系统集成项目型销售经验者优先；', '职能类别：', '销售经理', '关键字：', '销售', '客户经理]1年经验, 大专",计算机服务(系统、数据服务、维修),2022,"2025-05-01 15:37:15"
35,销售助理,湖北永信创新科技有限公司,4.5-6千/月,武汉-洪山区,1,"[', '任职要求：', '（1）大专及以上学历，IT行业相关专业，教育技术相关专业优先；', '（2）***，性格开朗，热爱教育行业；', '（3）学习能力强；具备良好的沟通表达能力；有极强的逻辑分析能力，领悟力强；', '（4）有良好的团队精神，严谨细致、保密意识强、职业道德意识强，能承受较强的压力', '（5）有一定的美工及文字基础，能熟练的运用各种办公软件和制图软件', '（6）有二年驾驶经验', '主要职责：', '（1）配合总经理进行工作的协调，进行销售的拓展，对日常销售工作进行整合', '（2）行业产品资源整合，方案架构的设计及推荐；', '（3）了解市场动态，进行客户需求调研、售前咨询、引导客户需求；', '（4）会议纪要的整理，并对结果进行跟踪检查及反馈', '（5）负责各公司之间的协调及沟通', '（6）完成总经理交待的其他事情', '涉及业务范围和设备：', '视频显示类：LCD拼接屏、LED小间距、微距背投、投影机（液晶、激光类型）、触控一体机、分布式显示系统、液晶电视等；', '音频扩音类：多功能报告厅、视频会议室；功放、音箱、话筒、数字调音台、前置放大器、数字音频处理器、电源时序器、中控处理器、云台摄像机、拾音器（全向麦）等；', '平台类：多媒体控制系统、录播资源平台、集控平台、运维服务平台（资产、工单管理、知识库）、认证管理系统、视频会议系统平台（MCU）等。', '其他：广播级非编、虚拟演播厅、校园电视台解决方案。', '试用期：三个月', '年龄要求：35岁以内；', '性别要求：不限', '备注：同行业经验者优先考虑。', '福利待遇：', '（1）培训：公司每年不定期聘请行业专家组织3-4次专业培训。', '（2）工资待遇：试用期无责任底薪4000，转正后：4500--5000+全勤奖+高温补贴+五险一金；', '（3）福利待遇：按照制度执行，社医保根据相关规定执行。', '职能类别：', '销售行政助理', '关键字：', '助理', '总经理助理', '文员]2年经验, 大专",电子技术/半导体/集成电路,2022,"2025-05-01 15:37:15"
36,图形引擎工程师,大连东软思维科技发展有限公司,2.5-5万/月,上海,1,"[', '1、负责后端图形引擎架构设计及产品开发工作；', '2、负责实现Unreal\xa0Engine在建筑行业数据可视化应用，渲染大量的3D数据，包括但不限于，数据三角化处理，纹理优化，大型场景生成等；', '3、实时渲染大量的3D数据，包括但不限于，数据三角化处理，纹理优化，大型场景生成等；', '4、负责渲染的性能调优，包括但不限于，drawcall优化，显存使用优化等\xa05、负责渲染效果优化，包括但不限于，光照、粒子和动画等。', '岗位要求：', '1、\xa0计算机、自动化等相关专业本科及以上学历，5年以上Unreal或Unity引擎开发经验', '2、\xa0良好的编程基础，熟悉C++语言和设计模式，理解常用数据结构', '3、\xa0熟悉GPU的渲染工作流程与原理，掌握渲染性能调优的方法', '4、良好的图像学基础，掌握OpenGL(ES)、DirectX、Vulkan\xa0等其中一种相关图像API的使用，熟练使用着色语言(GLSL/HLSL/CG)\xa0', '5、阅读过3D引擎源代码，有Unity开发和光照等效果优化经验优先；', '6、诚信、聪明、自我驱动，对技术充满好奇心、有追求、成就导向、充满激情；有良好的沟通、团队协作及英文文献阅读能力。', '职能类别：', 'UE4开发工程师]3-4年经验, 本科",计算机软件,2022,"2025-05-01 15:37:15"
37,".NET软件工程师",深圳市世联土地房地产评估有限公司武汉分公司,0.8-1.5万/月,武汉-洪山区,1,"[', '1.工作职责:', '1)负责代码及相关文档的编写，根据预定计划完成项目开发任务；', '2)协助完成项目的测试、系统交付工作，对项目实施提供支持；', '3)协助产品经理进行方案讨论和技术调研、负责方案升级、更新；', '4)解决系统开发过程中的主要问题和攻克各种技术难题；', '2.任职要求:', '1)计算机科学与技术、软件工程、信息管理与信息系统等相关专业\xa0，3年以上.net相关开发经验；', '2)精通.Net\xa0Core\xa0技术框架，具备独立开发、需求分析能力；', '3)熟悉.Net\xa0core\xa0Consul+Ocelot+Polly微服务架构, ', '4)熟练使用Javascript，JQuery，Css等web编程技术，熟练掌握Vue前端框架；', '5)精通数据库，熟悉SQL\xa0Server，MySQL等数据库的操作与性能优化，熟悉ELK，Redis，Mongodb等；', '6)具有较强的团队精神和责任心，及良好的沟通能力；', '7)具备高性能网站开发经验者、或海量数量/高并发开发经验者优先考虑；', '职能类别：', '软件工程师', '关键字：', '.NET', '.Net', 'Core', '微服务架构]5-7年经验, 大专",房地产,2022,"2025-05-01 15:37:15"
38,硬件研发工程师,武汉理工光科股份有限公司,20-30万/年,武汉-东湖新技术产业开发区,1,"[', '职位描述：', '1、负责产品硬件开发方案的制定与修改；', '2、完成项目硬件总体方案设计、原理图设计、PCB设计、样机调试等；', '3、负责分析解决项目中与硬件相关的技术问题；', '4、负责产品技术文档和生产文件输出；', '5、进行产品EMC、EMI、ESD等可靠性设计和实验测试。', '任职资格:', '1、电子信息、仪器仪表、信息自动化，30岁以下，硕士及以上学历；', '2、具备数字电路、模拟电路、信号与系统、微弱信号放大等相关知识；', '3、熟练使用Dxp、Cadence等硬件设计工具，熟练使用Multisim、Ads等设计仿真工具，具有较强的动手能力；', '4、具有模拟电路设计经验，尤其是低噪声微弱信号放大电路经验者优先；', '5、善于分析问题、解决问题，具有责任心、良好的团队合作精神、较强沟通能力。', '优秀应届生也可。', '职能类别：', '硬件工程师', '关键字：', '硬件]5-7年经验, 本科",通信/电信/网络设备,2022,"2025-05-01 15:37:15"
39,产品经理（年终奖、早九晚六、双休）,湖北腾旅科技有限责任公司,0.6-1万/月,武汉-东湖新技术产业开发区,1,"[', '岗位职责：', '1、负责分析用户需求、竞品，规划产品核心业务逻辑，绘制产品思维导图、原型图。撰写相关模块产品PRD文档等；\xa0\xa0\xa0\xa0\xa0\xa0\xa0\xa0\xa0\xa0\xa0\xa0', '2、完成公司产品规划和设计、负责协同研发团队完成产品从规划到验收，并持续改进；\xa0 \xa0 \xa0 \xa0 \xa0 \xa0 \xa0 \xa0 \xa0 \xa0 \xa0 \xa0', '3、负责产品交互设计，把控产品前后台界面美观性、友好度和良好用户体验； \xa0\xa0\xa0\xa0\xa0\xa0\xa0\xa0\xa0\xa0\xa0\xa0\xa0\xa0\xa0\xa0\xa0\xa0\xa0\xa0\xa0\xa0\xa0\xa0\xa0\xa0\xa0\xa0\xa0\xa0\xa0\xa0', '4、完成公司领导布置的其他工作。', '岗位要求：', '1、1年以上产品相关工作经验；\xa0 \xa0 \xa0 \xa0 \xa0 \xa0 \xa0 \xa0 \xa0 \xa0 \xa0 \xa0 \xa0 \xa0 \xa0 \xa0 \xa0 \xa0 \xa0 \xa0 \xa0', '2、有过旅游行业、saas工作经验优先。 \xa0\xa0\xa0\xa0\xa0\xa0\xa0\xa0\xa0\xa0\xa0\xa0\xa0\xa0\xa0\xa0\xa0\xa0\xa0\xa0\xa0\xa0\xa0\xa0\xa0\xa0\xa0\xa0\xa0\xa0\xa0\xa0\xa0\xa0\xa0\xa0\xa0\xa0\xa0\xa0\xa0\xa0\xa0\xa0\xa0\xa0\xa0\xa0\xa0\xa0\xa0\xa0\xa0\xa0\xa0\xa0\xa0\xa0\xa0\xa0\xa0\xa0\xa0\xa0\xa0\xa0\xa0\xa0\xa0\xa0\xa0\xa0\xa0\xa0\xa0\xa0\xa0', '3、熟悉互联网产品的运作模式及产品特征，熟悉产品从规划到退出市场的整个流程，能够很好的把控产品的迭代周期。\xa0\xa0\xa0\xa0\xa0\xa0\xa0\xa0\xa0\xa0\xa0\xa0\xa0\xa0\xa0\xa0\xa0\xa0\xa0\xa0\xa0\xa0\xa0\xa0\xa0\xa0\xa0\xa0\xa0\xa0\xa0\xa0\xa0\xa0\xa0\xa0\xa0\xa0\xa0\xa0\xa0\xa0\xa0\xa0\xa0\xa0\xa0\xa0\xa0\xa0\xa0\xa0\xa0\xa0\xa0\xa0\xa0\xa0\xa0\xa0\xa0\xa0\xa0\xa0\xa0\xa0\xa0\xa0\xa0\xa0\xa0\xa0\xa0\xa0\xa0\xa0\xa0\xa0\xa0\xa0\xa0\xa0\xa0\xa0\xa0', '4、熟练使用Axure、墨刀、流程图，思维导图、office等相关工具。 \xa0\xa0\xa0\xa0\xa0\xa0\xa0\xa0\xa0\xa0\xa0\xa0\xa0\xa0\xa0\xa0\xa0\xa0\xa0\xa0\xa0\xa0\xa0\xa0\xa0\xa0\xa0\xa0\xa0\xa0\xa0\xa0\xa0\xa0\xa0\xa0\xa0\xa0', '5、有较强的逻辑思维能力，良好的沟通表达能力，有一定的用户需求分析和理解能力，具有较高水平的文档编写能力；\xa0\xa0\xa0\xa0\xa0\xa0\xa0\xa0\xa0\xa0\xa0\xa0\xa0\xa0\xa0\xa0\xa0\xa0\xa0\xa0\xa0\xa0\xa0\xa0\xa0\xa0\xa0\xa0\xa0\xa0\xa0\xa0\xa0\xa0\xa0', '6、具备良好的沟通协作、规划执行能力、合作态度及团队精神，并富有工作激情、创造力和责任感。', '工作时间：9:00-18:00\xa0 周末双休 法定节假日正常休息', '福利待遇：入职即缴纳五险，转正缴纳一金，职工工会福利，公司内部节假日福利等；', '薪资：除基本工资外，有年终奖，有项目分红', '上班地址：武汉市洪山区光谷大道现代世贸中心B栋16楼', '职能类别：', '产品经理/主管', '微信分享]1年经验, 大专",计算机软件,2022,"2025-05-01 15:37:15"
40,市场开发经理,武汉快通电气化工程有限公司,0.6-1.2万/月,武汉-江夏区,1,"[', '任职资格：', '1、专科以上学历，电气化、市场营销相关专业；', '2、有电力或通信信号相关工作经验；', '3、曾与中铁建、电气局、各铁路局及铁路设计院合作过或有相关资源优先；', '4、能够独立完成标书制作及报价；', '5、有较强的开拓市场意识及沟通谈判能力；', '6、 性格开朗，良好的心理素质，较强的工作责任心及团队合作精神，自我约束能力强，能适应长期出差。', '职能类别：', '市场/营销/拓展经理', '关键字：', '电气', '机电', '市场销售]3-4年经验, 大专",建筑/建材/工程,2022,"2025-05-01 15:37:15"
41,UE4软件开发/实习生可带,武汉知鑫信息科技有限公司,6-8千/月,武汉-洪山区,1,"[', '1、年龄18-30岁，专科及以上学历，能力优秀者学历可放宽，接受新人及应届生；', '2、对UE4感兴趣，想长期从事UE4行业，对大型的主机游戏有独特的见解；', '3、了解c++语言及UE4蓝图系统；', '4、具有严谨的逻辑思维能力、分析能力；', '岗位要求：', '1、对游戏行业有较大兴趣或天赋者，可参与公司实习；', '2、大专本科及以上学历，18-30岁，对IT感兴趣的人士', '3、有强烈的的上进心和责任感，勤奋好学，工作积极主动，能融入团队', '4、具有良好的沟通与团队协作能力', '5、公司提供岗前学习机会，工作态度端正', '二、福利待遇：', '1、薪资结构：岗位基本工资（4000-5000）+绩效工资+餐补+五险一金；', '2、工作时间：周一至周五，早9:00-12:00晚14:00-18:00；', '3、给予完善的绩效考核，年终奖金及定期调薪', '4、完善的培养体系和晋升机制；', '5、带薪休假（年假，婚假，丧假，病假，培训假等）', '有意向可直接投递简历', '职能类别：', 'C/C++开发工程师', '关键字：', 'C++', '游戏开发', '软件开发', '前端开发', 'U3D开发', 'VR开发', 'C#', 'web', 'C', '小程序开发]无需经验, 大专",计算机软件,2022,"2025-05-01 15:37:15"
42,应用层软件开发工程师,"Alten China Limited",1-1.5万/月,武汉,1,"[', '职责描述：', '1.', '负责', 'ADAS', '系统应用程序需求分析、软件设计、编码调试、迭代升级；', '2.', '完成软件设计开发工作，包含软件的系统设计书，测试用例，开发工具和环境的选择和搭建，完成开发编写，完成单体测试，产品的整车调试测试', '3.', '协助测试工程师进行测试用例开发和测试', '任职要求：', '1.', '***本科及以上学历，计算机、信息、电子、软件工程等相关专业；', '2.', '熟练掌握', 'C', '、', 'C++', '语言，有较强的编程能力', '3.', '有状态迁移，', 'VIEW', '，', 'HMI', '，自动泊车相关经验；', '4.', '了解', 'Sonar', '，', 'Canoe, Canzlizer', '的使用；了解校准原理，摄像头原理；', '5.', '有', 'Matlab, OPENGL, C#', '相关经验', '6.', '良好的英语或日语读写和沟通能力优先', '职能类别：', '嵌入式软件开发(Linux/单片机/PLC/DSP…)', '关键字：', '嵌入式', '软件开发', 'Linux', 'QNX系统', '应用层', 'C++', 'C语言]1年经验, 本科",计算机软件,2022,"2025-05-01 15:37:15"
43,Java开发工程师,江苏实达迪美数据处理有限公司,1-1.5万/月,武汉-江夏区,1,"[', '有1年java等相关语言软件编程经验，愿意承担系统运维工作或有1年系统运维工作经验并具有软件编程基础。', '职能类别：', 'Java开发工程师]1年经验, 大专",计算机软件,2022,"2025-05-01 15:37:15"
44,.NET开发工程师,上海酆泽信息技术有限公司,0.6-1万/月,武汉-江汉区,1,"[', '1. 具有2年以上.Net开发经验，2年以上web开发经验；', '2. 熟悉.net框架，基于.net的B/S、C/S开发；', '3. 熟悉 Oracle, SQL Server, Sybase 等数据库应用；', '4. 熟练掌握Javascript、ASP.NET、C#、Ajax、IIS等相关技术；', '5. 有一定的需求分析和设计能力；', '6. 有良好的沟通能力，有较强的学习能力和钻研精神，具有团队精神和高度的责任心；', '公司福利：', '1.工作时间：五天工作制度，9:00-11:30, 13:30-18:00', '2.社保福利：五险一金加商业保险', '3.丰厚的年终奖，项目奖', '4.假期福利：为员工提供带薪假期：年休假、婚假、病假、产假、陪产假等', '5.节假日完全按照国家劳动法规定执行。', '职能类别：', '.NET开发工程师', '关键字：', '.net', '软件开发', '软件工程师', 'C#', '微信分享]3-4年经验, 本科",计算机服务(系统、数据服务、维修),2022,"2025-05-01 15:37:15"
45,Java开发工程师,武汉岩迪创为信息技术有限公司,1-1.5万/月,武汉-东湖新技术产业开发区,1,"[', '岗位职责:1、主责基础Java产品与产品实施代码开发，按照详细的设计，完成代码设计、代码编写；', '2、能独立承担或者协助其他研发人员进行模块设计及相关技术文档编写；', '3、能够在指导下进行，重点Java关键技术研究及技术攻关等；任职资格:1、3年及以上实际WEB开发经验，了解Java基础理论知识；2.熟悉java web常用技术，熟练掌握SVN，maven等项目工具的配置和使用；3、熟悉微服务架构，有SpringCloud、SpringBoot等开源Java框架的开发经验；', '4、熟练使用VUE开发前端服务；', '5、熟悉Oracle、MySQL、Postgresql等数据库，会写sql语句以sql调优等；', '6、了解一些设计模式，有一定Java开发、前端开发的经验；', '7、能独立解决工作中的问题，具备良好的沟通表达、业务理解能力，并能积极主动推进研发工作开展；', '职能类别：', 'Java开发工程师', '关键字：', 'java', '软件开发', '软件工程师', '开发', 'java开发]3-4年经验, 大专",计算机软件,2022,"2025-05-01 15:37:15"
46,中级Java开发工程师（微服务+年终奖+技术分享+双休）,武汉佳软信息技术有限公司,0.8-1.3万/月,武汉,1,"[岗位职责：', '1、熟练掌握分析设计工具，按照规范的要求，编写软件设计文档', '2、按照设计的功能，实现模块的代码编写、自测和维护', '3、参与项目或产品上需求及设计评审', '4、负责交付代码的审查', '5、负责项目上的技术难点攻关、新技术的研究储备及技术文档输出', '6、认真落实公司上级领导交办的工作', '岗位要求：', '1.熟练使用Spring Boot, Spring cloud等微服务框架，能够快速搭建和使用；', '2.熟练使用SQL，并具备Oracle数据库开发经验和PLSQL开发经验；', '3.熟悉maven、svn、git、eclipse、idea等开发工具；', '4.能熟练编写相关项目文档（需求开发、项目变更、数据库设计）；', '5、学习能力较好，对技术有热情、喜欢钻研；', '6.逻辑思路清晰，工作认真负责，良好的团队合作精神和客户沟通交流能力；', '工作时间：9:00-12:00；13:30-18:00，周末双休', '福利待遇：五险一金、各类补贴、员工团建经费、加班零食、活动下午茶、员工技术分享会、年度体检、年度调薪2次机会、年终奖金、年度优秀员工等。。。更多福利等你来提~', '工作地点：光谷软件园A9栋2楼', '职能类别：', 'Java开发工程师', '关键字：', 'java', '软件开发', '开发]3-4年经验, 大专",计算机软件,2022,"2025-05-01 15:37:15"
47,3D建模工程师,上海库诺科技有限公司,0.8-1.3万/月,武汉-武昌区,1,"[', '岗位职责:', '\xa0\xa0\xa0\xa0本公司致力于数字孪生，实践于建筑节能、建筑物联网、智慧建筑、数字建筑。本职位以三维建模为主，兼顾BIM建模;', '1、能够熟练应用sketchUp、\xa0blender、3Dmax等软件；', '2、完成建筑及机电三维模型的搭建、材质贴图、模型导出等;3、BIM建筑信息模型搭建，独立完成建筑、机电建模工作；', '3、要求建筑学、环艺、室内装饰、美术、平面设计或计算机等专业大专以上毕业；', '4、有同行同岗工作经验者优先考虑。', '职能类别：', '其他]2年经验, 大专",计算机软件,2022,"2025-05-01 15:37:15"
48,"C/ C++软件开发工程师",航宇伟创科技（北京）有限公司,1.2-1.8万/月,武汉-江岸区,1,"[', '岗位职责：', '1.', '承担公司软件项目及产品的系统与功能模块开发和调试工作。', '2.', '参与公司安排的其他研发任务。', '3.', '完成项目验收与交付任务相关技术文档编写。', '任职要求：', '1.', '电子信息工程、计算机科学与技术、通信工程、数学等相关专业，本科及以上学历。', '2.', '三年以上', 'C++', '开发经验，熟练掌握', 'C++', '语言，能够独立解决项目的编译、调试等基础工作。', '3.', '计算机基础扎实，了解常见的数据结构和基本算法知识，熟悉', 'STL', '模板库', ', ', '熟悉多线程编程。', '4.', '熟悉', 'Qt', '开发框架的各个模块，能够灵活运用', 'QWidget/QML', '实现人机交互界面的各种效果。', '5.', '对设计模式有深刻理解，能够在开发过程中合理使用设计模式。', '6.', '具有良好的团队意识和沟通能力，积极主动，责任心强，能承受一定的工作压力。', '7.', '熟悉', 'OpenGL/GLSL', '，有', 'OSG', '使用经验的优先。', '职能类别：', 'C/C++开发工程师', '关键字：', 'VC++', 'QT', 'MYSQL', 'OpenGL', 'osg', '数据结构', '多线程]3-4年经验, 大专",电子技术/半导体/集成电路,2022,"2025-05-01 15:37:15"
49,大数据开发工程师,武汉邻盛智能设备有限公司,1.1-2.2万/月,武汉-汉阳区,1,"[', '岗位职责：\xa0', '1.负责基于Flink流计算与业务的融合\u3000', '2.熟悉Flink的Cep（Complex\xa0Event\xa0Process）的流处理及引擎\xa0', '岗位要求：\xa0', '1.\xa0具有Flink或Spark\xa0Streaming项目实习经验 ，学历要求：本科及以上', '2.\xa0精通Java编程语言，掌握Jvm\xa0GC调优\xa0', '3.\xa0熟悉Flink/Spark\xa0Streaming等知名流处理框架\xa0', '4.\xa0有分布式系统分析及架构设计经验，有大型计算集群的基础设施开发维护经验者优先\xa0', '5.\xa0熟悉高性能，高可用，高拓展系统架构设计者优先\xa0', '6.\xa0了解Linux系统的常用命令\xa0', '公司福利：', '公司福利：', '1、享受国家法定节假日、婚假、产假、丧假等等；', '2、超级nice的老板和同事；', '3、“搞得定，给得起”的薪资待遇；', '4、朝九晚六，中午休息2小时；', '5、小食堂提供美味的工作餐（午餐+晚餐）', '6、周末双休', '7、入职缴纳保险（五险+公积金）；', '8、不定期举办员工活动和员工旅游；', '职能类别：', '大数据开发工程师', '关键字：', '大数据', '大数据开发', '开发', 'Flink', '软件Flink]3-4年经验, 本科",计算机软件,2022,"2025-05-01 15:37:15"
50,"TOD Controls Engineer",康宁显示科技（中国）有限公司,2.5-3.5万/月,武汉-东西湖区,1,"[', 'Day to Day Responsibilities', 'Develop physics-based models of nonlinear, multivariable systems and subsequently embed the physics of those models into algorithms to control the system dynamics by utilizing advanced model-based control design techniques', 'Utilize machine learning methods to develop process monitoring and fault detection tools and/or classification/regression models for solving important manufacturing problems, such as defect classification, predictive maintenance, etc.', 'Build/develop supervisory control layer for calculating optimal setpoints for process control in a manufacturing system; this will require coordinating and synchronizing the existing physics-based/first-principles models to provide an overall plant process view', 'Develop in-depth knowledge of Corning processes to build technical understanding for key process steps by using rigorous scientific knowledge on flow, mass/heat transfer, magnetic and electric fields', 'Lead project teams and work closely with process engineers to implement/deliver advanced control solutions and potentially other advanced process technologies', 'Work in a multi-disciplinary environment where there will be collaboration between process experts, data scientists, controls engineers, and modelers', 'Generate intellectual property through technical reports, invention disclosures, and patent applications', 'Education & Experiences', 'Ph.D. or Masters (+3 years of manufacturing experience) in Chemical, Mechanical or Electrical Engineering discipline', 'Direct experience with data analysis, machine learning (ML), advanced controls technologies and/or first-principles/physics-based modeling', '职能类别：', '系统集成工程师]3-4年经验, 硕士",通信/电信/网络设备,2022,"2025-05-01 15:37:15"
